MechanicID,Name,SpecID
1,Mechanic_1,1
2,Mechanic_2,2
3,Mechanic_3,3
4,Mechanic_4,4
5,Mechanic_5,5
6,Mechanic_6,6
7,Mechanic_7,7
8,Mechanic_8,8
9,Mechanic_9,9
10,Mechanic_10,10
11,Mechanic_11,11
12,Mechanic_12,12
13,Mechanic_13,13
14,Mechanic_14,14
15,Mechanic_15,15
16,Mechanic_16,16
17,Mechanic_17,17
18,Mechanic_18,18
19,Mechanic_19,19
20,Mechanic_20,20
21,Mechanic_21,21
22,Mechanic_22,22
23,Mechanic_23,23
24,Mechanic_24,24
25,Mechanic_25,25
26,Mechanic_26,26
27,Mechanic_27,27
28,Mechanic_28,28
29,Mechanic_29,29
30,Mechanic_30,30
31,Mechanic_31,31
32,Mechanic_32,32
33,Mechanic_33,33
34,Mechanic_34,34
35,Mechanic_35,35
36,Mechanic_36,36
37,Mechanic_37,37
38,Mechanic_38,38
39,Mechanic_39,39
40,Mechanic_40,40
41,Mechanic_41,41
42,Mechanic_42,42
43,Mechanic_43,43
44,Mechanic_44,44
45,Mechanic_45,45
46,Mechanic_46,46
47,Mechanic_47,47
48,Mechanic_48,48
49,Mechanic_49,49
50,Mechanic_50,50
