MethodID,MethodName
1,Method_1
2,Method_2
3,Method_3
4,Method_4
5,Method_5
6,Method_6
7,Method_7
8,Method_8
9,Method_9
10,Method_10
11,Method_11
12,Method_12
13,Method_13
14,Method_14
15,Method_15
16,Method_16
17,Method_17
18,Method_18
19,Method_19
20,Method_20
21,Method_21
22,Method_22
23,Method_23
24,Method_24
25,Method_25
26,Method_26
27,Method_27
28,Method_28
29,Method_29
30,Method_30
31,Method_31
32,Method_32
33,Method_33
34,Method_34
35,Method_35
36,Method_36
37,Method_37
38,Method_38
39,Method_39
40,Method_40
41,Method_41
42,Method_42
43,Method_43
44,Method_44
45,Method_45
46,Method_46
47,Method_47
48,Method_48
49,Method_49
50,Method_50
